{"ContentRoots":["D:\\Program Files\\source\\repos\\TTicket\\TTicket.WebApi\\wwwroot\\"],"Root":{"Children":{"Uploads":{"Children":{"Attachments":{"Children":{"4185440b-549d-4ce6-b8bd-d8b5603f037e":{"Children":{"638282251341607767.png":{"Children":null,"Asset":{"ContentRootIndex":0,"SubPath":"Uploads/Attachments/4185440b-549d-4ce6-b8bd-d8b5603f037e/638282251341607767.png"},"Patterns":null},"638282251368869894.png":{"Children":null,"Asset":{"ContentRootIndex":0,"SubPath":"Uploads/Attachments/4185440b-549d-4ce6-b8bd-d8b5603f037e/638282251368869894.png"},"Patterns":null},"638282261850848427.rtf":{"Children":null,"Asset":{"ContentRootIndex":0,"SubPath":"Uploads/Attachments/4185440b-549d-4ce6-b8bd-d8b5603f037e/638282261850848427.rtf"},"Patterns":null}},"Asset":null,"Patterns":null},"638282218000134025.png":{"Children":null,"Asset":{"ContentRootIndex":0,"SubPath":"Uploads/Attachments/638282218000134025.png"},"Patterns":null},"638282218198380716.png":{"Children":null,"Asset":{"ContentRootIndex":0,"SubPath":"Uploads/Attachments/638282218198380716.png"},"Patterns":null},"638282226842217941.png":{"Children":null,"Asset":{"ContentRootIndex":0,"SubPath":"Uploads/Attachments/638282226842217941.png"},"Patterns":null}},"Asset":null,"Patterns":null}},"Asset":null,"Patterns":null}},"Asset":null,"Patterns":[{"ContentRootIndex":0,"Pattern":"**","Depth":0}]}}